crr,cd_a,drivetrain_eff,loss_name,loss,mape,bias,converged
0.004,0.6611999999999999,0.7820240152061639,abs_rel,0.23526647989748536,23.526647989748536,-4.221836555608047,True
0.006858919851448761,0.6611999999999999,0.9273023944518619,abs_rel,0.22333146782558946,22.333146782558945,-7.6457708605323305,True
0.004,0.6611999999999999,0.7949252368492962,abs_rel,0.2601468066071899,26.01468066071899,-5.764605866189381,True
0.004,0.6611999999999999,0.8306048238510887,abs_rel,0.2354257336487963,23.54257336487963,-4.278197990359832,False
0.009887057112476878,0.6611999999999999,0.8747968966166197,abs_rel,0.18886138241259284,18.886138241259285,-2.826010580643556,True
0.009151418975874749,0.6611999999999999,0.8893662539304318,abs_rel,0.19719553702050238,19.719553702050238,-3.330783537103134,True
0.005743728869123266,0.6611999999999999,0.8495731460985299,abs_rel,0.20690995152440878,20.690995152440877,-5.017047572669987,True
0.004,0.6611999999999999,0.8351039210364094,abs_rel,0.22459148508051593,22.459148508051594,-2.7033630626337275,False
0.004,0.6611999999999999,0.7876932790768223,abs_rel,0.21841483624579947,21.841483624579947,-6.487821638041471,True
0.004,0.6611999999999999,0.7635604153508243,abs_rel,0.22796490620633977,22.79649062063398,-2.2030773964021098,True
0.004,0.6611999999999999,0.7949252395847431,abs_rel,0.22985881201176023,22.985881201176024,-5.275978412711258,True
0.006169645980281861,0.6611999999999999,0.8028579966546358,abs_rel,0.20765917041148324,20.765917041148324,-2.2444549525703925,True
0.004,0.6611999999999999,0.7500104812801861,abs_rel,0.2481343945769217,24.813439457692173,-5.0455289609882215,True
0.004,0.6611999999999999,0.7593437930927541,abs_rel,0.211882287890737,21.188228789073698,-4.193138835880125,True
0.013207080484419226,0.6611999999999999,0.9799999999999983,abs_rel,0.19246410488571894,19.246410488571893,-2.351873655546506,True
0.009169575236277136,0.6611999999999999,0.8897593365908817,abs_rel,0.2084526053632934,20.84526053632934,-4.657169157633434,True
0.00892713910947753,0.6611999999999999,0.8905643065399357,abs_rel,0.21369791225268522,21.36979122526852,-4.810948467309124,True
0.007233131047836551,0.6611999999999999,0.8125793068918113,abs_rel,0.20899139380037293,20.899139380037294,-3.04016513059328,True
0.004478891053024779,0.6611999999999999,0.7660435195651041,abs_rel,0.2299780583582697,22.99780583582697,-3.6815133760291943,True
0.004,0.6611999999999999,0.7098232327998714,abs_rel,0.21686856443549307,21.686856443549306,-1.9397307304192029,True
0.010191547254504978,0.6611999999999999,0.8738582545092485,abs_rel,0.208615742765086,20.8615742765086,-2.165130811079631,True
0.004,0.6611999999999999,0.8006620444623349,abs_rel,0.23904872247654788,23.904872247654787,-6.217163124030406,True
0.004,0.6611999999999999,0.7924920129547881,abs_rel,0.23210475982859444,23.210475982859442,-4.658065952770453,True
0.007353793301011707,0.6611999999999999,0.7966100907968544,abs_rel,0.20305220256400233,20.305220256400233,-2.897689822517948,True
0.004,0.6611999999999999,0.7550703857039199,abs_rel,0.24943384873004107,24.943384873004106,-3.0542523661300556,True
0.004,0.6611999999999999,0.7278346348018043,abs_rel,0.22770873865278898,22.770873865278897,-2.6637047839657786,True
0.004,0.6611999999999999,0.7557305384428704,abs_rel,0.22552438962018947,22.552438962018947,-4.17458545569687,True
0.004,0.6611999999999999,0.7573294872897673,abs_rel,0.24680958199701228,24.680958199701227,-1.1967039202939467,True
0.004,0.6611999999999999,0.7417883784853238,abs_rel,0.2470843268537139,24.70843268537139,-1.760426236809049,True
0.004,0.6611999999999999,0.8006617953820211,abs_rel,0.2562790254639401,25.62790254639401,-5.924250013532141,True
0.004,0.6611999999999999,0.791395150933741,abs_rel,0.21786912900429362,21.78691290042936,-3.9385884188634064,True
0.004,0.6611999999999999,0.7573294697633193,abs_rel,0.24141113631585856,24.141113631585856,-2.2964384377126628,True
0.004,0.6611999999999999,0.6882878922433691,abs_rel,0.21615104110703742,21.615104110703744,0.335205849775816,True
0.004,0.6611999999999999,0.7814242218831507,abs_rel,0.21998816755123957,21.998816755123958,-4.771528480672773,True
0.004,0.6611999999999999,0.7753522738189053,abs_rel,0.23721149591146792,23.72114959114679,-2.3220893448137945,True
0.009787541400003168,0.6611999999999999,0.8849213717032793,abs_rel,0.18422278402339276,18.422278402339277,-2.2980284535651245,True
0.008798046111375692,0.6611999999999999,0.8925286825907509,abs_rel,0.2217700416654077,22.17700416654077,-2.534600588479918,True
0.004,0.6611999999999999,0.7594233469481122,abs_rel,0.20342010722550447,20.342010722550448,-3.9677100710404334,True
0.004,0.6611999999999999,0.78633208616271,abs_rel,0.22652293299285647,22.65229329928565,-4.095410731020264,True
0.004,0.6611999999999999,0.7468938694595745,abs_rel,0.2210487728443173,22.10487728443173,-3.670307506029528,True
0.004,0.6611999999999999,0.759423230274147,abs_rel,0.21898375786591534,21.898375786591533,-3.525853626990931,True
0.004,0.6611999999999999,0.7879787343444321,abs_rel,0.2473369236739822,24.73369236739822,-3.863476937509912,True
0.004,0.6611999999999999,0.7753522459503198,abs_rel,0.2317963286770276,23.17963286770276,-3.5245372449748005,True
0.004,0.6611999999999999,0.7845069266555126,abs_rel,0.21771376722066565,21.771376722066567,-3.752958590746627,True
0.004,0.6611999999999999,0.741788384103912,abs_rel,0.19344939231716,19.344939231715998,-4.324086812881711,True
0.009489072912073505,0.6611999999999999,0.9438351511743046,abs_rel,0.18571462814321976,18.571462814321976,-3.3520567938990204,True
0.004,0.6611999999999999,0.7249621324618515,abs_rel,0.18805807407797406,18.805807407797406,-3.008342064699712,True
0.004,0.6611999999999999,0.8460905331103711,abs_rel,0.24508391407791844,24.508391407791844,-5.580730169666683,True
0.004355484331945265,0.6611999999999999,0.7563520466185529,abs_rel,0.205556389444509,20.555638944450898,-2.747754773370561,True
0.004,0.6611999999999999,0.7140809677870114,abs_rel,0.22185587052826453,22.185587052826452,-1.1143385654098086,True
0.004,0.6611999999999999,0.7070680053641789,abs_rel,0.23245517017097214,23.245517017097214,-0.45696528743423237,True
0.004,0.6611999999999999,0.7753522683555808,abs_rel,0.21339254646817438,21.339254646817437,-4.476846368747687,True
0.004,0.6611999999999999,0.7714429579507712,abs_rel,0.20724900158043902,20.7249001580439,-4.603110473817438,True
0.004,0.6611999999999999,0.7820240798408751,abs_rel,0.2236771749984958,22.36771749984958,-4.883839058265804,True
0.007279474176251593,0.6611999999999999,0.9200529419924729,abs_rel,0.2092508883976745,20.92508883976745,-4.067522827867541,True
0.004,0.6611999999999999,0.7051943697558894,abs_rel,0.21049418007481602,21.049418007481602,-2.349133673565314,True
0.004,0.6611999999999999,0.812512394334384,abs_rel,0.23662285902283398,23.662285902283397,-6.145355098132012,True
0.004,0.6611999999999999,0.7500105159524714,abs_rel,0.21774229744192009,21.77422974419201,-1.959146047300523,True
0.013679501315437465,0.6611999999999999,0.9560557265820757,abs_rel,0.2009488837206021,20.09488837206021,0.7190170091996825,True
0.004,0.6611999999999999,0.7913950941352921,abs_rel,0.24541810103402317,24.541810103402316,-4.773130828462007,True
0.004,0.6611999999999999,0.7863320915748315,abs_rel,0.23630092249247178,23.630092249247177,-4.9419473130106315,True
0.004,0.6611999999999999,0.8025305718786114,abs_rel,0.22326193731489463,22.326193731489465,-3.6383528946965926,True
0.009936279130380928,0.6611999999999999,0.887042294209569,abs_rel,0.20887855264820995,20.887855264820995,-1.6941030423261272,True
0.004,0.6611999999999999,0.7876932787911585,abs_rel,0.2194756876278943,21.94756876278943,-5.12211794930638,True
0.004572705417948009,0.6611999999999999,0.803249520617742,abs_rel,0.2153768913644829,21.53768913644829,-3.8305083204052646,True
0.004,0.6611999999999999,0.7544121976494204,abs_rel,0.2510014542774602,25.100145427746018,-3.6502586838284867,True
0.008804781619425894,0.6611999999999999,0.8931641479782814,abs_rel,0.21594014571425146,21.594014571425145,-2.241777187632584,True
0.004,0.6611999999999999,0.7147988922084791,abs_rel,0.2190444898062515,21.904448980625148,-3.3697213537452946,True
0.004,0.6611999999999999,0.7249621077596903,abs_rel,0.19783677853437412,19.78367785343741,-1.2919168226410649,True
0.006320430791847325,0.6611999999999999,0.7876129710445188,abs_rel,0.21138610429670546,21.138610429670546,-4.359072128865239,True
0.004176113866520544,0.6611999999999999,0.788131160584662,abs_rel,0.21341411391959714,21.341411391959713,-3.9684390626303427,True
0.008718796540848292,0.6611999999999999,0.8948233799365574,abs_rel,0.2096910956159891,20.96910956159891,-1.6464685283284624,True
0.004,0.6611999999999999,0.8080065337721026,abs_rel,0.23326016419340623,23.326016419340622,-3.7686633783767935,True
0.004233349962994023,0.6611999999999999,0.7321193064160808,abs_rel,0.21621385626266115,21.621385626266115,-1.4733918696798505,True
0.008812526271622923,0.6611999999999999,0.8906382732549626,abs_rel,0.22289447957316735,22.289447957316735,-3.374059323274943,True
0.009282433003551622,0.6611999999999999,0.8892110793487373,abs_rel,0.2123517800820363,21.235178008203633,-3.4436269880235293,True
0.012505983693555095,0.6611999999999999,0.98,abs_rel,0.201195638165095,20.1195638165095,-2.5734884945278735,True
0.009020347008223031,0.6611999999999999,0.8899854677276544,abs_rel,0.23637484842563924,23.637484842563925,-3.4935482830884887,True
0.008799860555964158,0.6611999999999999,0.8925785722790014,abs_rel,0.21208888007757282,21.20888800775728,-1.6761178351707047,True
0.004,0.6611999999999999,0.7820240309215446,abs_rel,0.22812595210798117,22.81259521079812,-4.963349217016597,True
0.004,0.6611999999999999,0.7550644720617925,abs_rel,0.21480238194713092,21.480238194713092,-3.943794677357535,True
0.004,0.6611999999999999,0.7339080452964098,abs_rel,0.2119128222053054,21.191282220530542,-0.8022494060593947,True
0.004,0.6611999999999999,0.7331028052317138,abs_rel,0.2437684625613832,24.37684625613832,-3.144486067360277,True
0.004,0.6611999999999999,0.724962108124314,abs_rel,0.21751399700004959,21.75139970000496,-1.239178068686252,True
0.004,0.6611999999999999,0.7249622019070544,abs_rel,0.23044030066805826,23.044030066805828,-2.6152716808028633,True
0.004,0.6611999999999999,0.7543956784683207,abs_rel,0.22477699796303924,22.477699796303924,-4.636634003231613,True
0.004,0.6611999999999999,0.7635604005062839,abs_rel,0.21592035267985987,21.592035267985988,-2.5242693396285714,True
0.004,0.6611999999999999,0.763560398706408,abs_rel,0.2317598900390212,23.17598900390212,-3.359304277325497,True
0.005805796909237453,0.6611999999999999,0.9033508488596574,abs_rel,0.22205177469718265,22.205177469718265,-5.403835959899253,True
0.004,0.6611999999999999,0.7366935349825192,abs_rel,0.23765465560639829,23.76546556063983,-1.3530242012085867,True
0.004,0.6611999999999999,0.775352174838701,abs_rel,0.22662567936884725,22.662567936884727,-4.152369998699553,True
0.004,0.6611999999999999,0.786332094018985,abs_rel,0.1992817944787686,19.928179447876857,-5.152959848989033,True
0.004,0.6611999999999999,0.8125123914372804,abs_rel,0.2076948333414219,20.769483334142187,-4.832661079068939,True
0.008895710411879781,0.6611999999999999,0.8917525280793431,abs_rel,0.2151427227812758,21.51427227812758,-3.45198359585705,True
0.004,0.6611999999999999,0.7593437925217184,abs_rel,0.23928570820008005,23.928570820008005,-2.2789186946045854,True
0.008724762588591818,0.6611999999999999,0.8905489245290205,abs_rel,0.23173699261137012,23.173699261137013,-3.1500308447966225,True
0.004,0.6611999999999999,0.7270951317893817,abs_rel,0.19558084549053475,19.558084549053476,-3.935641106143846,True
0.004,0.6611999999999999,0.7466010930687857,abs_rel,0.21715702013457663,21.715702013457662,-4.4424321098210795,True
0.004,0.6611999999999999,0.781517475193253,abs_rel,0.21383360671545143,21.383360671545145,-1.502458258017587,True
0.011690958396420342,0.6611999999999999,0.9053273659619561,abs_rel,0.20256590492982118,20.25659049298212,-1.217238272841418,True
0.00939722048719409,0.6611999999999999,0.88839371106078,abs_rel,0.20417601885927447,20.417601885927446,-2.4051227613066084,True
0.009038832220215101,0.6611999999999999,0.8899144603004752,abs_rel,0.21789190971702538,21.78919097170254,-2.474742831997735,True
0.00843603661649849,0.6611999999999999,0.8993473682945673,abs_rel,0.21503092764827234,21.503092764827233,-3.1148044219335618,True
0.004,0.6611999999999999,0.7500104365874446,abs_rel,0.2165230928201276,21.65230928201276,-3.046278603952834,True
0.009236457245438904,0.6611999999999999,0.8880165781421084,abs_rel,0.21634232874269774,21.634232874269774,-4.34346275689287,True
0.005029361049208317,0.6611999999999999,0.7666474172989477,abs_rel,0.2208280416464588,22.082804164645882,-3.880397809710165,True
0.004,0.6611999999999999,0.7233799747422579,abs_rel,0.2330298363137187,23.30298363137187,-2.230424004006194,True
0.004,0.6611999999999999,0.7547185812165385,abs_rel,0.22816455399484306,22.816455399484305,-3.5999850928210417,True
0.004,0.6611999999999999,0.7263668745495852,abs_rel,0.22039968928353967,22.039968928353968,-3.213449424492678,True
0.004,0.6611999999999999,0.7924915156049359,abs_rel,0.23021057541749881,23.021057541749883,-5.411132941862464,True
0.007171569830026732,0.6611999999999999,0.8873166045396439,abs_rel,0.23319349451340868,23.31934945134087,-6.493227639715912,True
0.009253607521921756,0.6611999999999999,0.8891640021474132,abs_rel,0.2107389740683757,21.07389740683757,-3.851880925638845,True
0.004,0.6611999999999999,0.812512397794564,abs_rel,0.23491103195786292,23.49110319578629,-2.899381540904837,True
0.004,0.6611999999999999,0.7550703889829146,abs_rel,0.2186082347690726,21.86082347690726,-5.107612777392742,True
0.0041494202114563,0.6611999999999999,0.7365010639568339,abs_rel,0.19122407407106895,19.122407407106895,-0.9601181504208909,True
0.004,0.6611999999999999,0.7263668768103598,abs_rel,0.19623889155106902,19.6238891551069,-2.6344386948204015,True
0.004,0.6611999999999999,0.8025305655415597,abs_rel,0.23839434877595672,23.83943487759567,-3.993757912531204,True
0.004,0.6611999999999999,0.7569080570553604,abs_rel,0.21893866923503574,21.893866923503573,-2.110643931669854,True
0.004421862357845083,0.6611999999999999,0.7657893195100988,abs_rel,0.20745115951524562,20.74511595152456,-2.4223201976871955,True
0.004,0.6611999999999999,0.7544121736025864,abs_rel,0.22448682244518192,22.448682244518192,-2.378191195162383,True
0.004,0.6611999999999999,0.7782933291342127,abs_rel,0.2039679262718473,20.39679262718473,-3.8119539295070886,True
0.0081714342123465,0.6611999999999999,0.9011775278530607,abs_rel,0.241076888308693,24.1076888308693,-5.311039581364391,True
0.011478807265172659,0.6611999999999999,0.9720102385779417,abs_rel,0.22252539162894971,22.252539162894973,-4.118571374325345,True
0.004,0.6611999999999999,0.802530595136933,abs_rel,0.23902493401792285,23.902493401792285,-3.8453517650197715,True
0.004,0.6611999999999999,0.7815174818777382,abs_rel,0.2422125965428822,24.22125965428822,-4.374047662156009,True
0.004,0.6611999999999999,0.839056427222935,abs_rel,0.22159210309175978,22.15921030917598,-4.291188461905495,True
0.004,0.6611999999999999,0.755231024653975,abs_rel,0.2167447851890158,21.67447851890158,-3.725812402886509,True
0.009012440375830265,0.6611999999999999,0.8285261737924908,abs_rel,0.20789823678903502,20.789823678903502,-0.46829095644365276,True
0.004,0.6611999999999999,0.7310218534199624,abs_rel,0.22144507987217493,22.144507987217494,-1.8979206564673132,True
0.004,0.6611999999999999,0.7547185583137155,abs_rel,0.20972629064971585,20.972629064971585,-4.149390243091208,True
0.004,0.6611999999999999,0.6873158190705201,abs_rel,0.2163063786222999,21.63063786222999,-0.017808003151395885,True
0.004,0.6611999999999999,0.7236276944818922,abs_rel,0.2415795917081781,24.15795917081781,-2.084921229829927,True
0.004,0.6611999999999999,0.7635603990692451,abs_rel,0.2522232599512437,25.22232599512437,-3.3355218597455707,True
0.009808605235600768,0.6611999999999999,0.8834725705263793,abs_rel,0.19819440322449616,19.819440322449616,-3.1787263348938595,True
0.004,0.6611999999999999,0.7056513882909842,abs_rel,0.20828086118660616,20.828086118660615,-2.514664094790827,True
0.009861798332085892,0.6611999999999999,0.8851549000522841,abs_rel,0.20744636889937862,20.744636889937862,-2.9816869163935733,True
0.004,0.6611999999999999,0.7552331503333095,abs_rel,0.21157488295671092,21.157488295671094,-4.3081195589519155,True
0.00888749009894948,0.6611999999999999,0.8840674572253279,abs_rel,0.20673724543369065,20.673724543369065,-1.8776525693195951,True
0.005968903537996565,0.6611999999999999,0.764448852962816,abs_rel,0.20417365780588553,20.417365780588554,-3.741847721003158,True
0.005761725518385221,0.6611999999999999,0.7691022261861192,abs_rel,0.19739456678565293,19.739456678565293,-4.861264415050779,True
0.004,0.6611999999999999,0.7949252437653483,abs_rel,0.24013761153588853,24.013761153588852,-5.663790555039924,True
0.00439062213149253,0.6611999999999999,0.775321806941781,abs_rel,0.2157554792216165,21.57554792216165,-3.128332108544408,True
0.005730309507025415,0.6611999999999999,0.778901445580229,abs_rel,0.20878787418541034,20.878787418541034,-3.066503165070197,True
0.00741324949525075,0.6611999999999999,0.9165252139768196,abs_rel,0.197362127150263,19.736212715026298,-3.1514190797217965,True
0.004,0.6611999999999999,0.7845068632359803,abs_rel,0.21183207583218283,21.183207583218284,-4.330807916357422,True
0.004,0.6611999999999999,0.7799529157617595,abs_rel,0.2351747858360951,23.51747858360951,-4.131298422107134,True
0.004,0.6611999999999999,0.7874135364910531,abs_rel,0.20348063971609118,20.34806397160912,-2.7442577197757543,True
0.004,0.6611999999999999,0.7350717204016153,abs_rel,0.2252588791045195,22.52588791045195,-1.206608773323747,True
0.007704231425519432,0.6611999999999999,0.91467797890871,abs_rel,0.20449289775792562,20.44928977579256,-3.902550800874688,True
0.004,0.6611999999999999,0.7676414736951438,abs_rel,0.22529871682270833,22.529871682270834,-5.0976428836501295,True
0.004,0.6611999999999999,0.7527505877545435,abs_rel,0.24465908200222658,24.465908200222657,-2.209416515255847,True
0.004,0.6611999999999999,0.7962326092387431,abs_rel,0.22288752661560404,22.288752661560405,-5.2223217252213505,True
0.004,0.6611999999999999,0.7879787122144581,abs_rel,0.22826364634459875,22.826364634459875,-3.9843833595625857,True
0.004,0.6611999999999999,0.7147989308559686,abs_rel,0.22034869330035722,22.034869330035722,-1.3021244965989176,True
0.004,0.6611999999999999,0.7283595694712818,abs_rel,0.2299155492751185,22.99155492751185,-1.5550568364028614,True
0.004,0.6611999999999999,0.7738114546685271,abs_rel,0.24391100468434793,24.391100468434793,-4.886357795297547,True
0.006550109834222103,0.6611999999999999,0.7727159830803348,abs_rel,0.20955796980882982,20.955796980882983,-1.420456984359633,True
0.004,0.6611999999999999,0.7339082059033455,abs_rel,0.24730244436166426,24.730244436166426,-2.5014388133092273,True
0.004,0.6611999999999999,0.7819775966928298,abs_rel,0.21576573750164613,21.576573750164613,-4.728014251680251,True
0.004,0.6611999999999999,0.7819775877146407,abs_rel,0.228457712244812,22.8457712244812,-3.274587625568189,True
0.004,0.6611999999999999,0.7876932826972765,abs_rel,0.2072799138907205,20.727991389072052,-5.2115650752732545,True
0.009055171101091832,0.6611999999999999,0.8899687591382262,abs_rel,0.19581632526123977,19.581632526123975,-2.9039784746553865,True
0.01010639500220017,0.6611999999999999,0.8770043027061135,abs_rel,0.21164059781015884,21.164059781015883,-1.601325942620184,True
0.004,0.6611999999999999,0.7283595803511287,abs_rel,0.20383224159395671,20.38322415939567,-2.938695396828701,True
0.004,0.6611999999999999,0.7863321855907521,abs_rel,0.22274179618902545,22.274179618902544,-4.173962306800693,True
0.004,0.6611999999999999,0.7117035249428721,abs_rel,0.21604296018880623,21.60429601888062,-2.0004902123939026,True
0.007701836887373611,0.6611999999999999,0.8186997854907316,abs_rel,0.21542658828645372,21.542658828645365,-2.7352846994041733,False
0.004,0.6611999999999999,0.7389761783518773,abs_rel,0.23510169844096737,23.510169844096737,-2.2931703841440023,True
0.009055183163112835,0.6611999999999999,0.8899691931527273,abs_rel,0.19637131628677704,19.637131628677704,-2.284228547600005,True
0.004,0.6611999999999999,0.8284709266105292,abs_rel,0.23340519403726104,23.340519403726105,-6.3367096432442,True
0.00801549644759091,0.6611999999999999,0.8059918353278451,abs_rel,0.22166188117534,22.166188117534,-1.3105419207709592,True
0.004,0.6611999999999999,0.7544123711675318,abs_rel,0.23339933207653735,23.339933207653736,-3.35251198116341,True
0.004,0.6611999999999999,0.7115202235920137,abs_rel,0.24986151819403676,24.986151819403677,-0.5162656966834774,True
0.004,0.6611999999999999,0.7310218498249377,abs_rel,0.2193883890850556,21.93883890850556,-4.562639642155518,True
0.004,0.6611999999999999,0.77995293115678,abs_rel,0.21828395016360347,21.828395016360346,-2.946251443331586,True
0.00685281902202129,0.6611999999999999,0.7960445572518784,abs_rel,0.2026283394548894,20.26283394548894,-2.7736533030074972,True
0.004,0.6611999999999999,0.7820240364350455,abs_rel,0.23639389829562732,23.63938982956273,-5.324606242065767,True
0.005429000687365373,0.6611999999999999,0.788169253600335,abs_rel,0.24608207315602967,24.608207315602968,-1.909778719801879,True
0.008847044418662015,0.6611999999999999,0.8940831660513875,abs_rel,0.23602462679898145,23.602462679898146,-1.1717875539930147,True
0.004,0.6611999999999999,0.7573295102811247,abs_rel,0.21736497173767672,21.73649717376767,-1.893399062572301,True
0.004,0.6611999999999999,0.755070390544812,abs_rel,0.2273840238017442,22.73840238017442,-3.85784210251541,True
0.011433364019809381,0.6611999999999999,0.98,abs_rel,0.2217035076652543,22.17035076652543,-4.219048497155359,False
0.013861213315604292,0.6611999999999999,0.98,abs_rel,0.19759470106958035,19.759470106958034,-1.283255619340603,True
0.008970532161134073,0.6611999999999999,0.8899464440192931,abs_rel,0.21087637916472246,21.087637916472247,-3.2210409499480543,True
0.008671481146768715,0.6611999999999999,0.8937432890486866,abs_rel,0.2039439498145371,20.394394981453708,-3.9940544715814763,True
0.00904301208778935,0.6611999999999999,0.890002196546026,abs_rel,0.21525039059532164,21.525039059532165,-4.5449966306435945,True
0.006856799722034094,0.6611999999999999,0.9282089594589873,abs_rel,0.23651768814572927,23.651768814572925,-6.28219994027542,True
0.004,0.6611999999999999,0.7366252962382577,abs_rel,0.2090062416130818,20.90062416130818,-2.0826501761459273,False
0.004,0.6611999999999999,0.8422747696787327,abs_rel,0.22809201409643412,22.80920140964341,-4.6469135518310605,True
0.004,0.6611999999999999,0.7357364774559237,abs_rel,0.1906086140181659,19.060861401816588,-2.1136329933066462,True
0.004,0.6611999999999999,0.7318824420987025,abs_rel,0.2241628371124858,22.41628371124858,-1.281024856683128,True
0.004,0.6611999999999999,0.7264945253514404,abs_rel,0.21448788431843854,21.448788431843855,-1.0850945538499457,True
0.004,0.6611999999999999,0.7249621088468717,abs_rel,0.2157976692077445,21.57976692077445,-2.3958355244904,True
0.004,0.6611999999999999,0.7814242248352857,abs_rel,0.22351781177300534,22.351781177300534,-4.705739392222843,True
0.004,0.6611999999999999,0.7557296024442517,abs_rel,0.2209434315172438,22.09434315172438,-3.3398207875691486,True
0.009836741283239778,0.6611999999999999,0.8820641710827033,abs_rel,0.21529854399056228,21.529854399056227,-1.8371360991159835,True
0.004,0.6611999999999999,0.7557296005601417,abs_rel,0.23295059658194425,23.295059658194425,-1.8895822455079032,True
0.004,0.6611999999999999,0.8006617980254896,abs_rel,0.24782005817734254,24.782005817734255,-4.0535156655743965,True
0.004,0.6611999999999999,0.74823773100674,abs_rel,0.23923737211087964,23.923737211087964,-3.262670267282154,True
0.009264460856493717,0.6611999999999999,0.8894633949013869,abs_rel,0.18211569697243846,18.211569697243846,-2.181955336264191,True
